<?xml version="1.0" encoding="UTF-8"?>
<project xmlns="http://maven.apache.org/POM/4.0.0" xmlns:xsi="http://www.w3.org/2001/XMLSchema-instance" xsi:schemaLocation="http://maven.apache.org/POM/4.0.0 http://maven.apache.org/maven-v4_0_0.xsd">
  <modelVersion>4.0.0</modelVersion>
  <groupId>no.uib.ii.inf112</groupId>
  <artifactId>Hoytek-Nightfall-Survivors</artifactId>
  <name>Hoytek-Nightfall-Survivors</name>
  <version>1.0-SNAPSHOT</version>
  <url>http://www.example.com</url>
  <build>
    <pluginManagement>
      <plugins>
        <plugin>
          <artifactId>maven-clean-plugin</artifactId>
          <version>3.3.2</version>
        </plugin>
        <plugin>
          <artifactId>maven-site-plugin</artifactId>
          <version>4.0.0-M13</version>
        </plugin>
        <plugin>
          <artifactId>maven-project-info-reports-plugin</artifactId>
          <version>3.5.0</version>
        </plugin>
        <plugin>
          <artifactId>maven-resources-plugin</artifactId>
          <version>3.3.1</version>
        </plugin>
        <plugin>
          <artifactId>maven-compiler-plugin</artifactId>
          <version>3.12.1</version>
        </plugin>
        <plugin>
          <artifactId>maven-surefire-plugin</artifactId>
          <version>3.2.5</version>
          <configuration>
            <useModulePath>false</useModulePath>
            <argLine />
          </configuration>
        </plugin>
        <plugin>
          <artifactId>maven-failsafe-plugin</artifactId>
          <version>3.2.5</version>
        </plugin>
        <plugin>
          <artifactId>maven-jar-plugin</artifactId>
          <version>3.3.0</version>
        </plugin>
        <plugin>
          <artifactId>maven-install-plugin</artifactId>
          <version>3.1.1</version>
        </plugin>
        <plugin>
          <artifactId>maven-deploy-plugin</artifactId>
          <version>3.1.1</version>
        </plugin>
        <plugin>
          <groupId>org.codehaus.mojo</groupId>
          <artifactId>exec-maven-plugin</artifactId>
          <version>3.1.1</version>
        </plugin>
      </plugins>
    </pluginManagement>
    <plugins>
      <plugin>
        <groupId>org.codehaus.mojo</groupId>
        <artifactId>exec-maven-plugin</artifactId>
        <version>3.1.1</version>
        <configuration>
          <mainClass>${main.class}</mainClass>
          <arguments />
        </configuration>
      </plugin>
      <plugin>
        <artifactId>maven-shade-plugin</artifactId>
        <version>3.5.1</version>
        <executions>
          <execution>
            <phase>package</phase>
            <goals>
              <goal>shade</goal>
            </goals>
            <configuration>
              <transformers>
                <transformer>
                  <manifestEntries>
                    <Main-Class>${main.class}</Main-Class>
                  </manifestEntries>
                </transformer>
                <transformer />
              </transformers>
              <artifactSet />
              <outputFile>${project.build.directory}/${project.artifactId}-${project.version}-fat.jar</outputFile>
            </configuration>
          </execution>
        </executions>
      </plugin>
      <plugin>
        <artifactId>maven-enforcer-plugin</artifactId>
        <version>3.4.1</version>
        <executions>
          <execution>
            <id>enforce-maven</id>
            <goals>
              <goal>enforce</goal>
            </goals>
            <configuration>
              <rules>
                <requireMavenVersion>
                  <version>3.6.3</version>
                </requireMavenVersion>
              </rules>
            </configuration>
          </execution>
        </executions>
      </plugin>
      <plugin>
        <groupId>org.jacoco</groupId>
        <artifactId>jacoco-maven-plugin</artifactId>
        <version>0.8.11</version>
        <executions>
          <execution>
            <id>default-prepare-agent</id>
            <goals>
              <goal>prepare-agent</goal>
            </goals>
          </execution>
          <execution>
            <id>default-report</id>
            <phase>test</phase>
            <goals>
              <goal>report</goal>
            </goals>
          </execution>
        </executions>
      </plugin>
      <plugin>
        <artifactId>maven-failsafe-plugin</artifactId>
        <version>3.2.5</version>
        <executions>
          <execution>
            <goals>
              <goal>integration-test</goal>
              <goal>verify</goal>
            </goals>
          </execution>
        </executions>
      </plugin>
    </plugins>
  </build>
  <profiles>
    <profile>
      <id>inf112-macosx</id>
      <dependencies>
        <dependency>
          <groupId>com.badlogicgames.gdx</groupId>
          <artifactId>gdx-lwjgl3-glfw-awt-macos</artifactId>
          <version>${libgdx.version}</version>
        </dependency>
      </dependencies>
    </profile>
  </profiles>
  <repositories>
    <repository>
      <releases>
        <enabled>false</enabled>
      </releases>
      <snapshots />
      <id>sonatype-snapshots</id>
      <url>https://oss.sonatype.org/content/repositories/snapshots</url>
    </repository>
  </repositories>
  <dependencies>
    <dependency>
      <groupId>com.badlogicgames.gdx</groupId>
      <artifactId>gdx-backend-headless</artifactId>
      <version>1.12.1</version>
      <scope>test</scope>
    </dependency>
    <dependency>
      <groupId>org.junit.jupiter</groupId>
      <artifactId>junit-jupiter</artifactId>
      <version>5.10.2</version>
      <scope>test</scope>
      <exclusions>
        <exclusion>
          <artifactId>junit-jupiter-params</artifactId>
          <groupId>org.junit.jupiter</groupId>
        </exclusion>
      </exclusions>
    </dependency>
    <dependency>
      <groupId>org.junit.jupiter</groupId>
      <artifactId>junit-jupiter-api</artifactId>
      <version>5.10.2</version>
      <scope>test</scope>
      <exclusions>
        <exclusion>
          <artifactId>opentest4j</artifactId>
          <groupId>org.opentest4j</groupId>
        </exclusion>
        <exclusion>
          <artifactId>junit-platform-commons</artifactId>
          <groupId>org.junit.platform</groupId>
        </exclusion>
        <exclusion>
          <artifactId>apiguardian-api</artifactId>
          <groupId>org.apiguardian</groupId>
        </exclusion>
      </exclusions>
    </dependency>
    <dependency>
      <groupId>org.junit.jupiter</groupId>
      <artifactId>junit-jupiter-engine</artifactId>
      <version>5.10.2</version>
      <scope>test</scope>
      <exclusions>
        <exclusion>
          <artifactId>junit-platform-engine</artifactId>
          <groupId>org.junit.platform</groupId>
        </exclusion>
        <exclusion>
          <artifactId>apiguardian-api</artifactId>
          <groupId>org.apiguardian</groupId>
        </exclusion>
      </exclusions>
    </dependency>
    <dependency>
      <groupId>org.powermock</groupId>
      <artifactId>powermock-api-mockito2</artifactId>
      <version>2.0.9</version>
      <scope>test</scope>
      <exclusions>
        <exclusion>
          <artifactId>powermock-api-support</artifactId>
          <groupId>org.powermock</groupId>
        </exclusion>
      </exclusions>
    </dependency>
    <dependency>
      <groupId>org.mockito</groupId>
      <artifactId>mockito-core</artifactId>
      <version>5.11.0</version>
      <scope>test</scope>
      <exclusions>
        <exclusion>
          <artifactId>byte-buddy</artifactId>
          <groupId>net.bytebuddy</groupId>
        </exclusion>
        <exclusion>
          <artifactId>byte-buddy-agent</artifactId>
          <groupId>net.bytebuddy</groupId>
        </exclusion>
        <exclusion>
          <artifactId>objenesis</artifactId>
          <groupId>org.objenesis</groupId>
        </exclusion>
      </exclusions>
    </dependency>
    <dependency>
      <groupId>org.mockito</groupId>
      <artifactId>mockito-junit-jupiter</artifactId>
      <version>5.11.0</version>
      <scope>test</scope>
    </dependency>
    <dependency>
      <groupId>org.mockito</groupId>
      <artifactId>mockito-inline</artifactId>
      <version>3.4.0</version>
      <scope>test</scope>
    </dependency>
  </dependencies>
  <properties>
    <maven.compiler.release>17</maven.compiler.release>
    <libgdx.version>1.12.1</libgdx.version>
    <main.class>inf112.skeleton.app.Main</main.class>
    <junit.jupiter.version>5.10.2</junit.jupiter.version>
    <slf4j.version>2.0.11</slf4j.version>
    <project.build.sourceEncoding>UTF-8</project.build.sourceEncoding>
  </properties>
</project>
